ln_mbh_grid,initial_condition,initial_condition_recovered,outputs_n_final,target_data,metrics,metrics_init
6.0,6.8324116515388145e-12,9.986190911053938e-12,9.986190911053938e-12,6.277711682209244e-12,"NRMSE=26.21%
sMAPE=16.00%
MAPE*=11.74%","NRMSE=109.61%
sMAPE=76.34%
MAPE*=78.05%"
6.375,1.487491928694389e-10,1.809085055873006e-10,1.1972091265844618e-11,8.674636318289702e-12,"NRMSE=26.21%
sMAPE=16.00%
MAPE*=11.74%","NRMSE=109.61%
sMAPE=76.34%
MAPE*=78.05%"
6.75,3.200925156491303e-09,2.6869254340736855e-09,1.4352916998518094e-11,1.123629660600309e-11,"NRMSE=26.21%
sMAPE=16.00%
MAPE*=11.74%","NRMSE=109.61%
sMAPE=76.34%
MAPE*=78.05%"
7.125,5.714251465532913e-08,3.2718226083081486e-08,1.7207204805906047e-11,1.5854272386680314e-11,"NRMSE=26.21%
sMAPE=16.00%
MAPE*=11.74%","NRMSE=109.61%
sMAPE=76.34%
MAPE*=78.05%"
7.5,7.88612971897533e-07,3.2663400072400444e-07,2.0629109575212244e-11,2.0629111963085177e-11,"NRMSE=26.21%
sMAPE=16.00%
MAPE*=11.74%","NRMSE=109.61%
sMAPE=76.34%
MAPE*=78.05%"
7.875,8.2223677471903e-06,2.6734405935478104e-06,2.4731538854809767e-11,2.5187492460829792e-11,"NRMSE=26.21%
sMAPE=16.00%
MAPE*=11.74%","NRMSE=109.61%
sMAPE=76.34%
MAPE*=78.05%"
8.25,6.429081482541112e-05,1.7939783288371395e-05,2.966619667030775e-11,3.235117366428389e-11,"NRMSE=26.21%
sMAPE=16.00%
MAPE*=11.74%","NRMSE=109.61%
sMAPE=76.34%
MAPE*=78.05%"
8.625,0.0003761401920250293,9.86997057297993e-05,3.9423273314428334e-11,4.4631066766305645e-11,"NRMSE=26.21%
sMAPE=16.00%
MAPE*=11.74%","NRMSE=109.61%
sMAPE=76.34%
MAPE*=78.05%"
9.0,0.0016466160378336486,0.0004888074477446186,4.762654352629572e-10,4.762441848138363e-10,"NRMSE=26.21%
sMAPE=16.00%
MAPE*=11.74%","NRMSE=109.61%
sMAPE=76.34%
MAPE*=78.05%"
9.375,0.005404082538457913,0.015620353988246526,7.274197405224169e-08,7.291021472901326e-08,"NRMSE=26.21%
sMAPE=16.00%
MAPE*=11.74%","NRMSE=109.61%
sMAPE=76.34%
MAPE*=78.05%"
9.75,0.01336991237233609,0.11185962349655312,5.778428420894831e-06,4.693053856716504e-06,"NRMSE=26.21%
sMAPE=16.00%
MAPE*=11.74%","NRMSE=109.61%
sMAPE=76.34%
MAPE*=78.05%"
10.125,0.025277635307472405,0.015576980749684975,0.00012853507870106196,8.958924892397198e-05,"NRMSE=26.21%
sMAPE=16.00%
MAPE*=11.74%","NRMSE=109.61%
sMAPE=76.34%
MAPE*=78.05%"
10.5,0.037702875498244026,0.02528083226398689,0.0012390258155657219,0.0012388289836808004,"NRMSE=26.21%
sMAPE=16.00%
MAPE*=11.74%","NRMSE=109.61%
sMAPE=76.34%
MAPE*=78.05%"
10.875,0.04731580337809926,0.04223708670864618,0.006378201535290988,0.00555203398203376,"NRMSE=26.21%
sMAPE=16.00%
MAPE*=11.74%","NRMSE=109.61%
sMAPE=76.34%
MAPE*=78.05%"
11.25,0.054734227674983364,0.057854968531453256,0.020002649106682466,0.020374216962375076,"NRMSE=26.21%
sMAPE=16.00%
MAPE*=11.74%","NRMSE=109.61%
sMAPE=76.34%
MAPE*=78.05%"
11.625,0.06157944627312875,0.06497179640205679,0.04252581380747435,0.05030126499648546,"NRMSE=26.21%
sMAPE=16.00%
MAPE*=11.74%","NRMSE=109.61%
sMAPE=76.34%
MAPE*=78.05%"
12.0,0.0648776984138231,0.05982002555993056,0.06750287644815257,0.07341381699097947,"NRMSE=26.21%
sMAPE=16.00%
MAPE*=11.74%","NRMSE=109.61%
sMAPE=76.34%
MAPE*=78.05%"
12.375,0.05947652542726425,0.045154997266888146,0.08603071338500289,0.09647122296250249,"NRMSE=26.21%
sMAPE=16.00%
MAPE*=11.74%","NRMSE=109.61%
sMAPE=76.34%
MAPE*=78.05%"
12.75,0.04551312589371589,0.02794489955421829,0.09042491037523376,0.0929511853156347,"NRMSE=26.21%
sMAPE=16.00%
MAPE*=11.74%","NRMSE=109.61%
sMAPE=76.34%
MAPE*=78.05%"
13.125,0.029150589463913086,0.014178712355202574,0.07740952411262444,0.07040135483429029,"NRMSE=26.21%
sMAPE=16.00%
MAPE*=11.74%","NRMSE=109.61%
sMAPE=76.34%
MAPE*=78.05%"
13.5,0.016299638863416236,0.005898051191813779,0.05278448676796148,0.03609631737372944,"NRMSE=26.21%
sMAPE=16.00%
MAPE*=11.74%","NRMSE=109.61%
sMAPE=76.34%
MAPE*=78.05%"
13.875,0.008537906215446872,0.0020114895923436316,0.028280573902057536,0.01880594545147633,"NRMSE=26.21%
sMAPE=16.00%
MAPE*=11.74%","NRMSE=109.61%
sMAPE=76.34%
MAPE*=78.05%"
14.25,0.004446263950292976,0.0005624249113176498,0.011861865124927701,0.009444591064479433,"NRMSE=26.21%
sMAPE=16.00%
MAPE*=11.74%","NRMSE=109.61%
sMAPE=76.34%
MAPE*=78.05%"
14.625,0.0023052449258951853,0.00012892846549317078,0.003903521421985587,0.0039035074462209903,"NRMSE=26.21%
sMAPE=16.00%
MAPE*=11.74%","NRMSE=109.61%
sMAPE=76.34%
MAPE*=78.05%"
15.0,0.0011385728053289552,2.4230958034735917e-05,0.0010125076154690828,0.0017055948137183847,"NRMSE=26.21%
sMAPE=16.00%
MAPE*=11.74%","NRMSE=109.61%
sMAPE=76.34%
MAPE*=78.05%"
